ticker	comment	price_24h	price_48h	price_1w	price_2w	price_3w	price_1m	price_2m	price_3m	price_6m	price_1y	price_2y	price_3y	price_4y	price_5y
2020	The short-term (1-month) outlook for 2020 is mildly bullish (+0.8% vs current price of 130.70). At 6 months the model targets 137.60 (+5.3%), a bullish medium-term signal. The 1-year forecast stands at 140.33 (+7.4%). Over a 5-year horizon the model projects 186.48 (cumulative +42.7%).	130.23	130.7233	131.2166	130.7233	130.23	131.7099	133.1898	135.163	137.5977	140.3295	150.6685	161.7692	173.6877	186.4844
ABG	The short-term (1-month) outlook for ABG is mildly bullish (+1.2% vs current price of 7.19). At 6 months the model targets 7.46 (+3.8%), a bullish medium-term signal. The 1-year forecast stands at 7.61 (+5.9%). Over a 5-year horizon the model projects 9.57 (cumulative +33.1%).	7.1863	7.1863	7.1632	7.2093	7.1632	7.2784	7.1863	7.3014	7.4618	7.6131	8.0611	8.5355	9.0377	9.5696
ABL	The short-term (1-month) outlook for ABL is sideways (-0.1% vs current price of 10.90). At 6 months the model targets 11.02 (+1.1%), a mildly bullish medium-term signal. The 1-year forecast stands at 11.93 (+9.4%). Over a 5-year horizon the model projects 17.09 (cumulative +56.8%).	10.9875	11.0212	11.0549	10.819	10.8864	10.8864	10.5494	10.482	11.0156	11.9257	13.0479	14.2757	15.6191	17.0889
AFG	The short-term (1-month) outlook for AFG is mildly bearish (-0.5% vs current price of 170.80). At 6 months the model targets 183.14 (+7.2%), a bullish medium-term signal. The 1-year forecast stands at 199.27 (+16.7%). Over a 5-year horizon the model projects 369.17 (cumulative +116.1%).	170.4288	169.3433	169.3433	167.1722	167.1722	169.8861	168.2578	170.4288	183.1359	199.2667	232.4779	271.2242	316.4283	369.1664
AGLX	The short-term (1-month) outlook for AGLX is mildly bullish (+1.7% vs current price of 20.30). At 6 months the model targets 20.95 (+3.2%), a bullish medium-term signal. The 1-year forecast stands at 20.58 (+1.4%). Over a 5-year horizon the model projects 21.77 (cumulative +7.2%).	20.4458	20.4458	20.3484	20.6405	20.3484	20.6405	20.3484	20.5432	20.9496	20.5849	20.8738	21.1668	21.4638	21.7651
AKAST	The short-term (1-month) outlook for AKAST is mildly bullish (+0.8% vs current price of 14.42). At 6 months the model targets 13.39 (-7.1%), a bearish medium-term signal. The 1-year forecast stands at 14.13 (-2.0%). Over a 5-year horizon the model projects 13.05 (cumulative -9.5%).	14.4466	14.4908	14.4025	14.7117	14.6675	14.535	14.4025	13.6956	13.389	14.134	13.8537	13.5789	13.3096	13.0456
AKER	The short-term (1-month) outlook for AKER is mildly bearish (-2.3% vs current price of 1032.00). At 6 months the model targets 1024.97 (-0.7%), a mildly bearish medium-term signal. The 1-year forecast stands at 1028.68 (-0.3%). Over a 5-year horizon the model projects 1015.53 (cumulative -1.6%).	1032.1726	1036.8535	1025.151	1029.832	1015.7889	1008.7673	985.362	985.362	1024.972	1028.6842	1025.3791	1022.0845	1018.8006	1015.5272
AKBM	The short-term (1-month) outlook for AKBM is mildly bullish (+1.2% vs current price of 101.00). At 6 months the model targets 109.54 (+8.5%), a bullish medium-term signal. The 1-year forecast stands at 112.00 (+10.9%). Over a 5-year horizon the model projects 169.32 (cumulative +67.6%).	101.9665	102.9761	101.2093	101.7141	102.9761	102.2189	109.0335	104.7428	109.5432	111.995	124.1869	137.7061	152.697	169.3198
AKRBP	The short-term (1-month) outlook for AKRBP is mildly bearish (-1.1% vs current price of 347.50). At 6 months the model targets 353.69 (+1.8%), a mildly bullish medium-term signal. The 1-year forecast stands at 420.93 (+21.1%). Over a 5-year horizon the model projects 906.18 (cumulative +160.8%).	347.9632	347.9632	344.5349	345.392	341.1068	343.6779	353.9625	341.1068	353.6867	420.9266	509.8682	617.6031	748.1024	906.1761
AKH	The short-term (1-month) outlook for AKH is bearish (-7.9% vs current price of 0.01). At 6 months the model targets 0.04 (+213.5%), a strongly bullish medium-term signal. The 1-year forecast stands at 0.03 (+146.0%). Over a 5-year horizon the model projects 1.14 (cumulative +8915.1%).	0.0116	0.0116	0.0116	0.0116	0.0116	0.0116	0.0173	0.0231	0.0395	0.031	0.0763	0.1876	0.4617	1.1359
AKSO	The short-term (1-month) outlook for AKSO is sideways (-0.3% vs current price of 40.16). At 6 months the model targets 45.04 (+12.2%), a strongly bullish medium-term signal. The 1-year forecast stands at 54.32 (+35.3%). Over a 5-year horizon the model projects 181.81 (cumulative +352.7%).	40.1485	39.9404	39.3164	40.0445	40.4605	40.0445	41.1886	41.1886	45.0446	54.3196	73.4716	99.3762	134.4142	181.8059
AKVA	The short-term (1-month) outlook for AKVA is mildly bearish (-2.3% vs current price of 130.00). At 6 months the model targets 140.75 (+8.3%), a bullish medium-term signal. The 1-year forecast stands at 147.60 (+13.5%). Over a 5-year horizon the model projects 245.24 (cumulative +88.6%).	129.4821	127.8149	129.2042	130.0378	127.8149	126.9814	131.1492	131.705	140.7493	147.5958	167.5732	190.2547	216.0061	245.243
APR	The short-term (1-month) outlook for APR is mildly bullish (+1.0% vs current price of 72.80). At 6 months the model targets 70.40 (-3.3%), a bearish medium-term signal. The 1-year forecast stands at 68.78 (-5.5%). Over a 5-year horizon the model projects 54.79 (cumulative -24.7%).	72.7499	72.4854	73.0144	71.4272	71.6917	73.5435	69.3108	70.369	70.3999	68.778	64.9782	61.3883	57.9968	54.7926
ARCH	The short-term (1-month) outlook for ARCH is mildly bearish (-2.9% vs current price of 27.45). At 6 months the model targets 27.65 (+0.7%), a mildly bullish medium-term signal. The 1-year forecast stands at 29.76 (+8.4%). Over a 5-year horizon the model projects 41.11 (cumulative +49.8%).	27.4836	27.6501	27.317	27.2337	27.8167	26.6507	27.1504	27.0671	27.6467	29.7593	32.2629	34.9771	37.9196	41.1097
AZT	The short-term (1-month) outlook for AZT is mildly bullish (+2.4% vs current price of 19.80). At 6 months the model targets 25.16 (+27.1%), a strongly bullish medium-term signal. The 1-year forecast stands at 27.70 (+39.9%). Over a 5-year horizon the model projects 106.06 (cumulative +435.6%).	19.8246	19.9747	19.8996	20.0498	20.2751	20.2751	21.2513	22.603	25.1642	27.6974	38.7447	54.1984	75.8159	106.0558
AFK	The short-term (1-month) outlook for AFK is sideways (-0.1% vs current price of 187.00). At 6 months the model targets 184.48 (-1.3%), a mildly bearish medium-term signal. The 1-year forecast stands at 175.78 (-6.0%). Over a 5-year horizon the model projects 137.26 (cumulative -26.6%).	186.7642	184.0885	182.483	184.6236	183.5533	186.7642	186.7642	188.3696	184.48	175.7845	165.2417	155.3311	146.015	137.2576
ARR	The short-term (1-month) outlook for ARR is bullish (+4.1% vs current price of 7.22). At 6 months the model targets 8.97 (+24.2%), a strongly bullish medium-term signal. The 1-year forecast stands at 9.16 (+26.8%). Over a 5-year horizon the model projects 23.70 (cumulative +228.2%).	7.3067	7.2124	7.1888	7.3067	7.4717	7.5188	8.2966	8.438	8.9657	9.1574	11.6147	14.7313	18.6843	23.698
ATEA	The short-term (1-month) outlook for ATEA is mildly bullish (+0.6% vs current price of 142.60). At 6 months the model targets 153.39 (+7.6%), a bullish medium-term signal. The 1-year forecast stands at 156.72 (+9.9%). Over a 5-year horizon the model projects 228.62 (cumulative +60.3%).	142.4092	143.4192	143.9242	144.4292	142.4092	143.4192	145.4392	147.4592	153.3906	156.7177	172.2331	189.2845	208.0241	228.6189
ASA	The short-term (1-month) outlook for ASA is strongly bullish (+19.9% vs current price of 3.15). At 6 months the model targets 4.71 (+49.4%), a strongly bullish medium-term signal. The 1-year forecast stands at 4.96 (+57.6%). Over a 5-year horizon the model projects 30.60 (cumulative +871.3%).	3.0222	3.0222	3.0222	3.2111	3.4	3.7778	3.9666	5.1	4.7075	4.9634	7.8207	12.323	19.4171	30.5953
AURG	The short-term (1-month) outlook for AURG is mildly bullish (+2.8% vs current price of 255.05). At 6 months the model targets 301.94 (+18.4%), a strongly bullish medium-term signal. The 1-year forecast stands at 329.03 (+29.0%). Over a 5-year horizon the model projects 911.29 (cumulative +257.3%).	255.8714	255.8714	258.2702	261.4686	262.2682	262.2682	274.2621	279.8593	301.9435	329.0274	424.462	547.5774	706.4026	911.295
AUSS	The short-term (1-month) outlook for AUSS is mildly bullish (+2.5% vs current price of 93.40). At 6 months the model targets 95.87 (+2.6%), a mildly bullish medium-term signal. The 1-year forecast stands at 99.90 (+7.0%). Over a 5-year horizon the model projects 130.74 (cumulative +40.0%).	94.0543	94.0543	94.389	94.7237	95.3931	95.7278	98.4056	94.389	95.8729	99.8982	106.8485	114.2824	122.2334	130.7377
AUTO	The short-term (1-month) outlook for AUTO is bearish (-3.0% vs current price of 11.79). At 6 months the model targets 11.91 (+1.0%), a mildly bullish medium-term signal. The 1-year forecast stands at 12.02 (+1.9%). Over a 5-year horizon the model projects 12.97 (cumulative +10.0%).	11.819	11.7418	11.8576	11.2783	10.9693	11.4328	11.6645	11.7418	11.9089	12.0164	12.2471	12.4823	12.722	12.9663
ACR	The short-term (1-month) outlook for ACR is mildly bullish (+1.3% vs current price of 6.73). At 6 months the model targets 6.84 (+1.6%), a mildly bullish medium-term signal. The 1-year forecast stands at 6.74 (+0.1%). Over a 5-year horizon the model projects 6.77 (cumulative +0.6%).	6.7319	6.7947	6.8156	6.6483	6.7529	6.8156	6.8574	6.7947	6.8353	6.7387	6.7474	6.7561	6.7649	6.7736
B2I	The short-term (1-month) outlook for B2I is mildly bullish (+1.5% vs current price of 24.90). At 6 months the model targets 27.00 (+8.4%), a bullish medium-term signal. The 1-year forecast stands at 28.12 (+12.9%). Over a 5-year horizon the model projects 45.71 (cumulative +83.6%).	24.9514	24.998	24.5325	24.4394	24.7187	25.2773	26.4411	27.0928	27.0007	28.1162	31.7478	35.8485	40.4789	45.7073
BAKKA	The short-term (1-month) outlook for BAKKA is bullish (+3.2% vs current price of 437.00). At 6 months the model targets 437.23 (+0.1%), a sideways medium-term signal. The 1-year forecast stands at 429.88 (-1.6%). Over a 5-year horizon the model projects 402.55 (cumulative -7.9%).	439.2862	439.2862	439.2862	445.0411	439.2862	450.7959	446.9594	443.1228	437.2338	429.8811	422.8782	415.9893	409.2127	402.5465
BEWI	The short-term (1-month) outlook for BEWI is sideways (-0.1% vs current price of 13.62). At 6 months the model targets 13.43 (-1.4%), a mildly bearish medium-term signal. The 1-year forecast stands at 13.49 (-1.0%). Over a 5-year horizon the model projects 12.98 (cumulative -4.7%).	13.6078	13.6078	13.5249	13.6078	13.6078	13.6078	13.7738	13.6078	13.4259	13.4888	13.3589	13.2302	13.1027	12.9765
BIEN	The short-term (1-month) outlook for BIEN is mildly bullish (+2.6% vs current price of 155.00). At 6 months the model targets 163.25 (+5.3%), a bullish medium-term signal. The 1-year forecast stands at 172.49 (+11.3%). Over a 5-year horizon the model projects 264.56 (cumulative +70.7%).	155.8737	156.3153	157.1985	157.1985	157.64	158.9647	156.7569	159.8479	163.2452	172.4921	191.9582	213.6211	237.7288	264.557
BNOR	The short-term (1-month) outlook for BNOR is bearish (-3.1% vs current price of 559.00). At 6 months the model targets 510.40 (-8.7%), a bearish medium-term signal. The 1-year forecast stands at 494.27 (-11.6%). Over a 5-year horizon the model projects 302.13 (cumulative -46.0%).	551.5206	549.8493	553.1919	556.5344	539.8217	541.493	541.493	531.4653	510.4035	494.2744	437.0433	386.4388	341.6938	302.1297
BONHR	The short-term (1-month) outlook for BONHR is bullish (+3.6% vs current price of 251.50). At 6 months the model targets 265.00 (+5.4%), a bullish medium-term signal. The 1-year forecast stands at 259.96 (+3.4%). Over a 5-year horizon the model projects 296.72 (cumulative +18.0%).	252.6359	252.6359	253.5193	254.4026	257.936	260.586	260.586	267.6527	264.9964	259.9553	268.6949	277.7282	287.0653	296.7163
BOR	The short-term (1-month) outlook for BOR is bullish (+5.8% vs current price of 15.70). At 6 months the model targets 17.45 (+11.1%), a strongly bullish medium-term signal. The 1-year forecast stands at 17.54 (+11.7%). Over a 5-year horizon the model projects 27.29 (cumulative +73.8%).	15.6522	15.893	15.7124	16.0736	16.1338	16.6154	16.4348	16.796	17.4453	17.536	19.5867	21.8772	24.4356	27.2932
BRG	The short-term (1-month) outlook for BRG is sideways (-0.2% vs current price of 169.20). At 6 months the model targets 162.51 (-4.0%), a bearish medium-term signal. The 1-year forecast stands at 172.56 (+2.0%). Over a 5-year horizon the model projects 186.66 (cumulative +10.3%).	169.5763	170.9063	169.5763	168.9113	169.5763	168.9113	165.5863	164.9213	162.5051	172.5553	175.9771	179.4668	183.0257	186.6552
BOUV	The short-term (1-month) outlook for BOUV is mildly bullish (+1.5% vs current price of 51.40). At 6 months the model targets 48.45 (-5.7%), a bearish medium-term signal. The 1-year forecast stands at 47.15 (-8.3%). Over a 5-year horizon the model projects 33.40 (cumulative -35.0%).	51.7032	51.9414	52.1797	52.418	51.9414	52.1797	51.2266	50.7501	48.4546	47.1528	43.2565	39.6822	36.4033	33.3953
BWE	The short-term (1-month) outlook for BWE is mildly bullish (+2.5% vs current price of 55.30). At 6 months the model targets 51.15 (-7.5%), a bearish medium-term signal. The 1-year forecast stands at 50.57 (-8.6%). Over a 5-year horizon the model projects 35.36 (cumulative -36.1%).	55.1946	55.0697	55.1946	54.0707	56.0687	56.6931	55.9439	51.1986	51.1541	50.569	46.2427	42.2866	38.6689	35.3607
BWLPG	The short-term (1-month) outlook for BWLPG is bullish (+4.1% vs current price of 172.50). At 6 months the model targets 185.91 (+7.8%), a bullish medium-term signal. The 1-year forecast stands at 180.18 (+4.5%). Over a 5-year horizon the model projects 214.50 (cumulative +24.3%).	173.3529	173.3529	175.4541	176.5047	178.0807	179.6566	184.9097	183.8591	185.9107	180.1844	188.2111	196.5954	205.3532	214.5011
BWO	The short-term (1-month) outlook for BWO is sideways (+0.1% vs current price of 50.70). At 6 months the model targets 52.87 (+4.3%), a bullish medium-term signal. The 1-year forecast stands at 51.99 (+2.5%). Over a 5-year horizon the model projects 57.48 (cumulative +13.4%).	50.6421	50.7669	50.6421	50.3927	50.6421	50.7669	52.3884	51.8895	52.8673	51.9896	53.312	54.668	56.0586	57.4845
CADLR	The short-term (1-month) outlook for CADLR is bullish (+4.9% vs current price of 61.40). At 6 months the model targets 64.04 (+4.3%), a bullish medium-term signal. The 1-year forecast stands at 61.74 (+0.6%). Over a 5-year horizon the model projects 63.13 (cumulative +2.8%).	61.2099	61.2099	61.4225	62.2726	62.9102	64.3979	62.9102	63.5478	64.0369	61.7415	62.0849	62.4302	62.7774	63.1266
CAPSL	The short-term (1-month) outlook for CAPSL is mildly bullish (+2.4% vs current price of 4.53). At 6 months the model targets 5.12 (+13.0%), a strongly bullish medium-term signal. The 1-year forecast stands at 5.86 (+29.4%). Over a 5-year horizon the model projects 16.45 (cumulative +263.2%).	4.6038	4.6038	4.5672	4.4211	4.3846	4.6403	4.5307	4.9692	5.1195	5.8631	7.5885	9.8217	12.712	16.4529
CAVEN	The short-term (1-month) outlook for CAVEN is sideways (+0.4% vs current price of 7.37). At 6 months the model targets 14.07 (+91.0%), a strongly bullish medium-term signal. The 1-year forecast stands at 19.13 (+159.5%). Over a 5-year horizon the model projects 868.10 (cumulative +11678.8%).	7.3994	7.3634	7.4353	7.2557	7.2198	7.3994	7.7945	12.2844	14.0735	19.1288	49.6487	128.863	334.4633	868.0979
CRNA	The short-term (1-month) outlook for CRNA is bearish (-8.7% vs current price of 8.62). At 6 months the model targets 7.26 (-15.8%), a strongly bearish medium-term signal. The 1-year forecast stands at 7.02 (-18.5%). Over a 5-year horizon the model projects 3.10 (cumulative -64.1%).	8.6497	8.6376	8.2668	8.2911	8.2181	7.8717	7.4401	7.5191	7.2618	7.0241	5.7237	4.664	3.8005	3.0969
CLOUD	The short-term (1-month) outlook for CLOUD is mildly bearish (-2.7% vs current price of 13.00). At 6 months the model targets 12.93 (-0.6%), a mildly bearish medium-term signal. The 1-year forecast stands at 12.86 (-1.1%). Over a 5-year horizon the model projects 12.32 (cumulative -5.2%).	13.0043	13.0043	13.0043	12.9158	12.6947	12.6504	12.9158	13.0485	12.9252	12.862	12.7255	12.5904	12.4567	12.3245
CMBTO	The short-term (1-month) outlook for CMBTO is sideways (+0.1% vs current price of 118.60). At 6 months the model targets 124.27 (+4.8%), a bullish medium-term signal. The 1-year forecast stands at 133.08 (+12.2%). Over a 5-year horizon the model projects 210.97 (cumulative +77.9%).	119.1046	118.7153	120.6615	123.7754	124.943	118.7153	119.4938	123.7753	124.2716	133.0797	149.3272	167.5583	188.0153	210.9698
CONTX	The short-term (1-month) outlook for CONTX is mildly bearish (-0.9% vs current price of 3.65). At 6 months the model targets 3.75 (+2.7%), a mildly bullish medium-term signal. The 1-year forecast stands at 3.55 (-2.6%). Over a 5-year horizon the model projects 3.20 (cumulative -12.4%).	3.6354	3.5991	3.6354	3.6172	3.6172	3.6172	3.799	3.8354	3.7468	3.5548	3.4621	3.3718	3.2838	3.1982
DELIA	The short-term (1-month) outlook for DELIA is mildly bullish (+2.2% vs current price of 370.00). At 6 months the model targets 371.93 (+0.5%), a mildly bullish medium-term signal. The 1-year forecast stands at 378.24 (+2.2%). Over a 5-year horizon the model projects 413.06 (cumulative +11.6%).	370.9657	372.1701	378.1923	375.7834	374.5789	378.1923	391.441	369.7612	371.9296	378.2368	386.657	395.2646	404.0638	413.0589
DNB	The short-term (1-month) outlook for DNB is mildly bullish (+1.3% vs current price of 277.20). At 6 months the model targets 285.73 (+3.1%), a bullish medium-term signal. The 1-year forecast stands at 301.28 (+8.7%). Over a 5-year horizon the model projects 420.38 (cumulative +51.7%).	279.0645	279.9051	279.0645	280.7456	280.7456	280.7456	283.2673	287.4701	285.7278	301.2755	327.442	355.8811	386.7903	420.3839
DNO	The short-term (1-month) outlook for DNO is bullish (+4.9% vs current price of 18.92). At 6 months the model targets 22.01 (+16.3%), a strongly bullish medium-term signal. The 1-year forecast stands at 21.44 (+13.3%). Over a 5-year horizon the model projects 35.35 (cumulative +86.8%).	18.8265	19.0475	18.8707	19.1359	19.4011	19.843	20.5501	20.9037	22.0109	21.4395	24.2945	27.5297	31.1957	35.3499
DOFG	The short-term (1-month) outlook for DOFG is bullish (+3.1% vs current price of 137.60). At 6 months the model targets 167.16 (+21.5%), a strongly bullish medium-term signal. The 1-year forecast stands at 171.03 (+24.3%). Over a 5-year horizon the model projects 408.25 (cumulative +196.7%).	138.5919	139.2366	138.9142	139.5589	142.4596	141.815	149.5504	156.9634	167.155	171.0333	212.59	264.244	328.4485	408.2532
EIOF	The short-term (1-month) outlook for EIOF is bullish (+3.8% vs current price of 16.60). At 6 months the model targets 19.09 (+15.0%), a strongly bullish medium-term signal. The 1-year forecast stands at 25.08 (+51.1%). Over a 5-year horizon the model projects 130.66 (cumulative +687.1%).	16.5797	16.7795	16.8294	16.6796	17.0292	17.2289	17.6784	18.1278	19.0912	25.0791	37.8892	57.2426	86.4816	130.6554
EMGS	The short-term (1-month) outlook for EMGS is strongly bearish (-31.5% vs current price of 0.26). At 6 months the model targets 0.22 (-16.0%), a strongly bearish medium-term signal. The 1-year forecast stands at 0.23 (-12.8%). Over a 5-year horizon the model projects 0.13 (cumulative -49.7%).	0.2632	0.2632	0.2513	0.2333	0.1915	0.1795	0.2453	0.2812	0.2202	0.2284	0.1991	0.1736	0.1513	0.1319
ELK	The short-term (1-month) outlook for ELK is mildly bullish (+0.8% vs current price of 28.46). At 6 months the model targets 28.96 (+1.8%), a mildly bullish medium-term signal. The 1-year forecast stands at 29.67 (+4.2%). Over a 5-year horizon the model projects 35.02 (cumulative +23.1%).	28.4385	28.5222	28.4385	28.4385	28.7731	28.6895	28.5222	28.7731	28.9626	29.6657	30.9225	32.2325	33.598	35.0214
ELABS	The short-term (1-month) outlook for ELABS is bullish (+5.1% vs current price of 2.95). At 6 months the model targets 3.85 (+30.4%), a strongly bullish medium-term signal. The 1-year forecast stands at 4.35 (+47.2%). Over a 5-year horizon the model projects 20.44 (cumulative +591.8%).	3.0308	3.0308	3.0308	3.0308	3.0677	3.1047	3.3265	3.5482	3.8523	4.3507	6.4056	9.4311	13.8856	20.444
ELMRA	The short-term (1-month) outlook for ELMRA is mildly bullish (+2.0% vs current price of 35.00). At 6 months the model targets 33.71 (-3.7%), a bearish medium-term signal. The 1-year forecast stands at 34.29 (-2.0%). Over a 5-year horizon the model projects 31.61 (cumulative -9.7%).	35.0985	35.0985	34.3724	34.8565	35.4616	35.7037	34.4934	34.4934	33.7119	34.2934	33.6011	32.9227	32.258	31.6068
ELO	The short-term (1-month) outlook for ELO is mildly bullish (+1.1% vs current price of 35.10). At 6 months the model targets 35.50 (+1.1%), a mildly bullish medium-term signal. The 1-year forecast stands at 36.33 (+3.5%). Over a 5-year horizon the model projects 41.70 (cumulative +18.8%).	35.0249	35.0249	34.8699	34.8699	35.3349	35.4898	35.7998	35.9548	35.4961	36.3305	37.6041	38.9224	40.2869	41.6993
ENDUR	The short-term (1-month) outlook for ENDUR is mildly bullish (+1.2% vs current price of 107.60). At 6 months the model targets 119.07 (+10.7%), a strongly bullish medium-term signal. The 1-year forecast stands at 123.18 (+14.5%). Over a 5-year horizon the model projects 211.61 (cumulative +96.7%).	108.1022	107.2621	107.5421	108.6624	111.1829	108.9424	111.743	113.7034	119.0732	123.1843	141.0258	161.4513	184.8352	211.6059
ENSU	The short-term (1-month) outlook for ENSU is bullish (+4.2% vs current price of 0.65). At 6 months the model targets 0.68 (+5.4%), a bullish medium-term signal. The 1-year forecast stands at 0.71 (+8.7%). Over a 5-year horizon the model projects 0.99 (cumulative +51.9%).	0.6517	0.6598	0.6517	0.6517	0.6598	0.6761	0.6802	0.6639	0.6843	0.7056	0.7671	0.834	0.9068	0.9859
ENTRA	The short-term (1-month) outlook for ENTRA is mildly bearish (-0.9% vs current price of 105.40). At 6 months the model targets 112.38 (+6.6%), a bullish medium-term signal. The 1-year forecast stands at 109.61 (+4.0%). Over a 5-year horizon the model projects 128.20 (cumulative +21.6%).	105.3284	105.3284	104.4789	104.4789	105.3284	104.4789	106.1778	107.4519	112.3799	109.6101	113.9884	118.5415	123.2765	128.2007
ENVIP	The short-term (1-month) outlook for ENVIP is mildly bearish (-1.9% vs current price of 50.30). At 6 months the model targets 47.28 (-6.0%), a bearish medium-term signal. The 1-year forecast stands at 46.88 (-6.8%). Over a 5-year horizon the model projects 35.37 (cumulative -29.7%).	50.8013	51.0421	52.0051	50.079	48.3937	49.3567	46.4676	48.1529	47.2797	46.8787	43.6901	40.7184	37.9488	35.3676
EQNR	The short-term (1-month) outlook for EQNR is mildly bullish (+1.8% vs current price of 356.60). At 6 months the model targets 350.36 (-1.8%), a mildly bearish medium-term signal. The 1-year forecast stands at 371.64 (+4.2%). Over a 5-year horizon the model projects 438.40 (cumulative +22.9%).	362.0494	359.2644	359.2644	355.5511	358.3361	362.9778	344.4111	342.5544	350.3582	371.6377	387.3095	403.6422	420.6637	438.4029
EQVA	The short-term (1-month) outlook for EQVA is sideways (+0.2% vs current price of 3.48). At 6 months the model targets 3.47 (-0.2%), a sideways medium-term signal. The 1-year forecast stands at 3.56 (+2.3%). Over a 5-year horizon the model projects 3.89 (cumulative +11.9%).	3.4854	3.4854	3.5186	3.419	3.4854	3.4854	3.3692	3.4854	3.4743	3.5592	3.6402	3.723	3.8078	3.8944
EPR	The short-term (1-month) outlook for EPR is mildly bullish (+1.5% vs current price of 97.40). At 6 months the model targets 101.28 (+4.0%), a bullish medium-term signal. The 1-year forecast stands at 104.32 (+7.1%). Over a 5-year horizon the model projects 137.25 (cumulative +40.9%).	97.4398	96.8564	96.8564	98.0233	98.6068	98.8985	97.1481	99.482	101.2823	104.3153	111.7216	119.6537	128.149	137.2474
DFENS	The short-term (1-month) outlook for DFENS is mildly bearish (-2.4% vs current price of 13.80). At 6 months the model targets 14.05 (+1.8%), a mildly bullish medium-term signal. The 1-year forecast stands at 13.92 (+0.9%). Over a 5-year horizon the model projects 14.40 (cumulative +4.4%).	13.7651	13.8899	13.8899	13.8899	13.8899	13.474	14.0562	13.7651	14.0479	13.9184	14.0378	14.1583	14.2797	14.4022
FRO	The short-term (1-month) outlook for FRO is bearish (-5.9% vs current price of 329.70). At 6 months the model targets 298.62 (-9.4%), a bearish medium-term signal. The 1-year forecast stands at 329.26 (-0.1%). Over a 5-year horizon the model projects 327.50 (cumulative -0.7%).	327.9496	331.3218	327.1065	329.6357	318.676	310.2454	293.3842	306.8732	298.6154	329.2595	328.8196	328.3802	327.9415	327.5033
GENT	The short-term (1-month) outlook for GENT is bullish (+3.9% vs current price of 44.00). At 6 months the model targets 44.85 (+1.9%), a mildly bullish medium-term signal. The 1-year forecast stands at 43.97 (-0.1%). Over a 5-year horizon the model projects 43.87 (cumulative -0.3%).	44.2876	44.1076	45.3678	44.6476	45.0077	45.7278	43.3874	44.4676	44.8534	43.9738	43.9476	43.9214	43.8953	43.8692
GJF	The short-term (1-month) outlook for GJF is mildly bearish (-0.9% vs current price of 260.40). At 6 months the model targets 267.74 (+2.8%), a mildly bullish medium-term signal. The 1-year forecast stands at 254.65 (-2.2%). Over a 5-year horizon the model projects 232.88 (cumulative -10.6%).	260.477	262.0848	262.0848	262.8888	262.8888	258.0651	259.673	259.673	267.7397	254.6483	249.0236	243.5232	238.1443	232.8842
GOD	The short-term (1-month) outlook for GOD is sideways (-0.2% vs current price of 11.20). At 6 months the model targets 10.94 (-2.3%), a mildly bearish medium-term signal. The 1-year forecast stands at 10.88 (-2.8%). Over a 5-year horizon the model projects 9.71 (cumulative -13.3%).	11.2108	11.1345	11.0201	11.1345	10.9057	11.1727	11.1345	10.9057	10.9429	10.8838	10.5765	10.2779	9.9878	9.7058
GSF	The short-term (1-month) outlook for GSF is mildly bullish (+1.3% vs current price of 34.42). At 6 months the model targets 32.58 (-5.3%), a bearish medium-term signal. The 1-year forecast stands at 32.84 (-4.6%). Over a 5-year horizon the model projects 27.23 (cumulative -20.9%).	34.4952	34.3733	34.7389	34.8608	34.8608	34.8608	34.2514	33.2763	32.5843	32.844	31.3402	29.9052	28.5359	27.2293
GYL	The short-term (1-month) outlook for GYL is bullish (+4.5% vs current price of 426.00). At 6 months the model targets 423.68 (-0.5%), a mildly bearish medium-term signal. The 1-year forecast stands at 416.27 (-2.3%). Over a 5-year horizon the model projects 379.51 (cumulative -10.9%).	429.5099	429.5099	435.8262	437.4053	438.9844	445.3007	450.0379	437.4053	423.6754	416.2666	406.7556	397.4619	388.3805	379.5067
HAFNI	The short-term (1-month) outlook for HAFNI is mildly bearish (-2.1% vs current price of 79.20). At 6 months the model targets 81.91 (+3.4%), a bullish medium-term signal. The 1-year forecast stands at 87.59 (+10.6%). Over a 5-year horizon the model projects 131.02 (cumulative +65.4%).	78.0444	78.7539	78.9904	78.2809	78.0444	77.5714	79.6998	82.0648	81.9079	87.5883	96.865	107.1243	118.4701	131.0177
HGSB	The short-term (1-month) outlook for HGSB is mildly bullish (+1.1% vs current price of 164.98). At 6 months the model targets 168.10 (+1.9%), a mildly bullish medium-term signal. The 1-year forecast stands at 169.31 (+2.6%). Over a 5-year horizon the model projects 187.80 (cumulative +13.8%).	166.2837	166.2837	166.8236	164.6641	166.2837	166.8236	167.3635	170.0629	168.0959	169.3103	173.7543	178.3149	182.9952	187.7983
HAVI	The short-term (1-month) outlook for HAVI is sideways (+0.1% vs current price of 1.17). At 6 months the model targets 1.38 (+17.4%), a strongly bullish medium-term signal. The 1-year forecast stands at 1.42 (+20.7%). Over a 5-year horizon the model projects 3.01 (cumulative +156.1%).	1.1672	1.1672	1.1855	1.2311	1.222	1.1764	1.222	1.2037	1.3792	1.4181	1.7115	2.0656	2.493	3.0087
HERMA	The short-term (1-month) outlook for HERMA is mildly bullish (+0.8% vs current price of 16.45). At 6 months the model targets 18.75 (+14.0%), a strongly bullish medium-term signal. The 1-year forecast stands at 20.65 (+25.5%). Over a 5-year horizon the model projects 51.28 (cumulative +211.7%).	16.6828	16.7352	16.8401	16.6303	16.3155	16.5778	16.8401	17.4172	18.7528	20.6501	25.9226	32.5413	40.8499	51.2799
HEX	The short-term (1-month) outlook for HEX is bullish (+8.1% vs current price of 10.81). At 6 months the model targets 13.91 (+28.7%), a strongly bullish medium-term signal. The 1-year forecast stands at 16.83 (+55.7%). Over a 5-year horizon the model projects 98.83 (cumulative +814.2%).	10.7613	10.9295	11.0135	11.4339	11.518	11.6861	12.2746	12.5268	13.9129	16.8282	26.1969	40.7813	63.4854	98.8292
HPUR	The short-term (1-month) outlook for HPUR is bearish (-4.2% vs current price of 1.16). At 6 months the model targets 1.09 (-5.8%), a bearish medium-term signal. The 1-year forecast stands at 1.23 (+5.7%). Over a 5-year horizon the model projects 1.53 (cumulative +32.1%).	1.1692	1.14	1.14	1.1108	1.14	1.1108	1.2277	1.14	1.0929	1.2265	1.2968	1.3712	1.4498	1.5329
HSHP	The short-term (1-month) outlook for HSHP is bullish (+3.4% vs current price of 124.40). At 6 months the model targets 112.29 (-9.7%), a bearish medium-term signal. The 1-year forecast stands at 119.00 (-4.3%). Over a 5-year horizon the model projects 99.66 (cumulative -19.9%).	125.3338	126.2185	126.2185	127.3981	130.3471	128.5777	131.5268	125.9236	112.2889	119.0046	113.8432	108.9057	104.1823	99.6637
HBC	The short-term (1-month) outlook for HBC is mildly bullish (+1.5% vs current price of 1.29). At 6 months the model targets 1.60 (+23.9%), a strongly bullish medium-term signal. The 1-year forecast stands at 1.79 (+38.5%). Over a 5-year horizon the model projects 6.60 (cumulative +409.5%).	1.301	1.301	1.3079	1.2599	1.2599	1.3147	1.7598	1.7461	1.6039	1.7935	2.4839	3.44	4.7643	6.5982
HYPRO	The short-term (1-month) outlook for HYPRO is bullish (+6.6% vs current price of 1.38). At 6 months the model targets 1.45 (+4.6%), a bullish medium-term signal. The 1-year forecast stands at 1.63 (+17.5%). Over a 5-year horizon the model projects 3.11 (cumulative +124.3%).	1.436	1.436	1.436	1.4759	1.4759	1.4759	1.5357	1.4559	1.4489	1.6279	1.9134	2.249	2.6434	3.107
HAUTO	The short-term (1-month) outlook for HAUTO is bullish (+3.4% vs current price of 132.70). At 6 months the model targets 134.50 (+1.4%), a mildly bullish medium-term signal. The 1-year forecast stands at 131.82 (-0.7%). Over a 5-year horizon the model projects 128.36 (cumulative -3.3%).	133.0472	132.4151	134.9434	134.3113	136.2075	137.1555	134.3113	132.0991	134.4955	131.8194	130.9446	130.0757	129.2125	128.3551
HSPG	The short-term (1-month) outlook for HSPG is bearish (-3.7% vs current price of 160.00). At 6 months the model targets 137.55 (-14.0%), a strongly bearish medium-term signal. The 1-year forecast stands at 139.62 (-12.7%). Over a 5-year horizon the model projects 80.94 (cumulative -49.4%).	159.6963	159.1812	156.6054	159.6963	153.5145	154.0297	151.9691	149.3933	137.547	139.6151	121.8274	106.3059	92.7619	80.9435
IDEX	The short-term (1-month) outlook for IDEX is strongly bullish (+17.5% vs current price of 11.50). At 6 months the model targets 18.97 (+64.9%), a strongly bullish medium-term signal. The 1-year forecast stands at 17.30 (+50.4%). Over a 5-year horizon the model projects 88.54 (cumulative +669.9%).	11.4339	11.2854	11.3596	11.3596	12.3991	13.5128	14.775	18.116	18.9652	17.2976	26.018	39.1347	58.864	88.5397
IWS	The short-term (1-month) outlook for IWS is mildly bullish (+2.2% vs current price of 58.40). At 6 months the model targets 65.69 (+12.5%), a strongly bullish medium-term signal. The 1-year forecast stands at 75.17 (+28.7%). Over a 5-year horizon the model projects 206.30 (cumulative +253.2%).	58.7068	58.5409	58.5409	59.3701	58.8726	59.7018	61.526	60.1993	65.6943	75.1672	96.7484	124.5258	160.2784	206.2958
IOX	The short-term (1-month) outlook for IOX is bearish (-7.6% vs current price of 3.70). At 6 months the model targets 3.65 (-1.3%), a mildly bearish medium-term signal. The 1-year forecast stands at 3.68 (-0.6%). Over a 5-year horizon the model projects 3.59 (cumulative -3.1%).	3.6377	3.6201	3.6465	3.6025	3.6025	3.4175	3.3471	3.532	3.6514	3.6771	3.6543	3.6317	3.6092	3.5869
ITERA	The short-term (1-month) outlook for ITERA is mildly bearish (-2.3% vs current price of 6.96). At 6 months the model targets 6.89 (-1.0%), a mildly bearish medium-term signal. The 1-year forecast stands at 6.94 (-0.3%). Over a 5-year horizon the model projects 6.86 (cumulative -1.4%).	6.8985	6.9655	6.9655	6.8985	6.8985	6.798	6.7646	6.7646	6.8912	6.9404	6.9209	6.9014	6.8819	6.8626
JIN	The short-term (1-month) outlook for JIN is mildly bearish (-1.1% vs current price of 6.04). At 6 months the model targets 6.17 (+2.1%), a mildly bullish medium-term signal. The 1-year forecast stands at 6.04 (+0.1%). Over a 5-year horizon the model projects 6.06 (cumulative +0.3%).	6.0407	6.0407	5.9966	6.0407	6.0407	5.9745	6.0627	6.1509	6.1689	6.0436	6.0472	6.0508	6.0544	6.058
JAREN	The short-term (1-month) outlook for JAREN is mildly bullish (+1.8% vs current price of 349.50). At 6 months the model targets 387.36 (+10.8%), a strongly bullish medium-term signal. The 1-year forecast stands at 434.05 (+24.2%). Over a 5-year horizon the model projects 1032.59 (cumulative +195.4%).	349.9946	351.1459	351.1459	353.4485	352.2972	355.7511	359.205	369.5667	387.3586	434.0532	539.062	669.4753	831.4388	1032.5857
KID	The short-term (1-month) outlook for KID is bullish (+6.0% vs current price of 131.40). At 6 months the model targets 142.40 (+8.4%), a bullish medium-term signal. The 1-year forecast stands at 148.65 (+13.1%). Over a 5-year horizon the model projects 243.44 (cumulative +85.3%).	131.3278	131.8271	131.8271	134.3239	137.8193	139.3173	138.818	138.818	142.4032	148.647	168.1578	190.2295	215.1982	243.4442
KIT	The short-term (1-month) outlook for KIT is bullish (+4.4% vs current price of 108.30). At 6 months the model targets 110.56 (+2.1%), a mildly bullish medium-term signal. The 1-year forecast stands at 105.49 (-2.6%). Over a 5-year horizon the model projects 94.98 (cumulative -12.3%).	108.2451	107.8591	111.3323	109.2098	111.1393	113.0688	111.9111	109.5957	110.5553	105.4941	102.7609	100.0985	97.5051	94.9789
KCC	The short-term (1-month) outlook for KCC is mildly bullish (+1.1% vs current price of 95.60). At 6 months the model targets 103.67 (+8.4%), a bullish medium-term signal. The 1-year forecast stands at 101.22 (+5.9%). Over a 5-year horizon the model projects 127.23 (cumulative +33.1%).	95.2226	95.512	94.3543	95.2226	95.512	96.6698	96.0909	98.4063	103.6675	101.2246	107.1801	113.486	120.163	127.2327
KMCP	The short-term (1-month) outlook for KMCP is mildly bullish (+1.1% vs current price of 24.80). At 6 months the model targets 28.26 (+13.9%), a strongly bullish medium-term signal. The 1-year forecast stands at 28.16 (+13.6%). Over a 5-year horizon the model projects 46.83 (cumulative +88.8%).	24.7913	24.6455	24.9371	25.083	24.7913	25.083	24.7913	26.6871	28.2591	28.1627	31.9814	36.3178	41.2422	46.8344
KOMPL	The short-term (1-month) outlook for KOMPL is bullish (+4.5% vs current price of 8.20). At 6 months the model targets 9.45 (+15.2%), a strongly bullish medium-term signal. The 1-year forecast stands at 9.97 (+21.6%). Over a 5-year horizon the model projects 21.76 (cumulative +165.4%).	8.2898	8.2503	8.2108	8.4082	8.4477	8.5661	9.3951	9.7898	9.4462	9.9676	12.1162	14.728	17.9028	21.7619
KOA	The short-term (1-month) outlook for KOA is mildly bearish (-2.1% vs current price of 1.96). At 6 months the model targets 1.77 (-9.7%), a bearish medium-term signal. The 1-year forecast stands at 1.76 (-10.2%). Over a 5-year horizon the model projects 1.14 (cumulative -41.6%).	1.9606	1.9606	1.9359	1.9298	1.9421	1.9174	1.8619	1.8928	1.7674	1.758	1.5784	1.4172	1.2724	1.1425
KOG	The short-term (1-month) outlook for KOG is mildly bearish (-3.0% vs current price of 314.50). At 6 months the model targets 297.49 (-5.4%), a bearish medium-term signal. The 1-year forecast stands at 345.12 (+9.7%). Over a 5-year horizon the model projects 500.46 (cumulative +59.1%).	311.0553	309.0803	308.0929	306.1179	304.1429	305.1304	303.1555	312.0428	297.4888	345.12	378.7212	415.5938	456.0564	500.4585
LSG	The short-term (1-month) outlook for LSG is mildly bearish (-1.2% vs current price of 45.96). At 6 months the model targets 48.21 (+4.9%), a bullish medium-term signal. The 1-year forecast stands at 50.17 (+9.2%). Over a 5-year horizon the model projects 71.20 (cumulative +54.9%).	45.9429	45.5988	45.7708	44.5663	45.0825	45.4267	45.7708	48.1798	48.2094	50.1655	54.7558	59.7662	65.235	71.2042
LIFE	The short-term (1-month) outlook for LIFE is bearish (-4.8% vs current price of 0.39). At 6 months the model targets 2.90 (+643.4%), a strongly bullish medium-term signal. The 1-year forecast stands at 3.23 (+729.5%). Over a 5-year horizon the model projects 15314.86 (cumulative +3926787.6%).	0.3714	0.3714	0.3714	0.3714	0.3714	0.3714	0.3714	0.4179	2.8991	3.235	26.8339	222.5839	1846.3047	15314.861
LINK	The short-term (1-month) outlook for LINK is mildly bullish (+2.0% vs current price of 24.32). At 6 months the model targets 26.63 (+9.5%), a bullish medium-term signal. The 1-year forecast stands at 25.85 (+6.3%). Over a 5-year horizon the model projects 32.97 (cumulative +35.6%).	24.5266	24.4344	24.8955	24.5266	24.0656	24.8033	25.4487	26.2785	26.6335	25.8466	27.469	29.1933	31.0258	32.9733
MGN	The short-term (1-month) outlook for MGN is mildly bearish (-1.9% vs current price of 26.50). At 6 months the model targets 26.17 (-1.3%), a mildly bearish medium-term signal. The 1-year forecast stands at 24.58 (-7.3%). Over a 5-year horizon the model projects 18.18 (cumulative -31.4%).	26.3229	26.238	26.238	26.5777	26.4928	25.9833	26.9173	27.3419	26.1657	24.577	22.7935	21.1395	19.6055	18.1828
MEDI	The short-term (1-month) outlook for MEDI is mildly bullish (+2.6% vs current price of 225.00). At 6 months the model targets 243.26 (+8.1%), a bullish medium-term signal. The 1-year forecast stands at 224.25 (-0.3%). Over a 5-year horizon the model projects 221.26 (cumulative -1.7%).	224.5549	227.3974	227.3974	235.2142	237.346	230.9505	240.8991	243.7416	243.2591	224.2475	223.4975	222.75	222.0051	221.2626
MELG	The short-term (1-month) outlook for MELG is mildly bullish (+2.3% vs current price of 190.04). At 6 months the model targets 208.90 (+9.9%), a bullish medium-term signal. The 1-year forecast stands at 209.43 (+10.2%). Over a 5-year horizon the model projects 308.88 (cumulative +62.5%).	189.8966	191.0337	191.0337	192.1708	191.6022	194.445	197.2877	202.9733	208.8991	209.4276	230.7931	254.3383	280.2855	308.8798
MORLD	The short-term (1-month) outlook for MORLD is bullish (+7.3% vs current price of 19.42). At 6 months the model targets 23.26 (+19.8%), a strongly bullish medium-term signal. The 1-year forecast stands at 24.69 (+27.1%). Over a 5-year horizon the model projects 64.52 (cumulative +232.2%).	19.4261	19.2015	19.4261	20.1559	20.4367	20.8297	20.7174	21.5596	23.2614	24.691	31.3927	39.9133	50.7466	64.5203
MOWI	The short-term (1-month) outlook for MOWI is mildly bullish (+0.8% vs current price of 203.80). At 6 months the model targets 203.63 (-0.1%), a sideways medium-term signal. The 1-year forecast stands at 192.22 (-5.7%). Over a 5-year horizon the model projects 152.13 (cumulative -25.4%).	202.4944	202.4944	202.4944	201.048	202.4944	205.3872	214.7887	213.3423	203.6285	192.2234	181.3044	171.0056	161.2919	152.1299
MPCC	The short-term (1-month) outlook for MPCC is mildly bearish (-1.8% vs current price of 21.15). At 6 months the model targets 21.61 (+2.2%), a mildly bullish medium-term signal. The 1-year forecast stands at 22.52 (+6.5%). Over a 5-year horizon the model projects 28.96 (cumulative +36.9%).	21.1296	20.9469	20.886	21.1905	20.8251	20.7642	20.7642	22.3474	21.6058	22.5227	23.9845	25.5412	27.1989	28.9642
MULTI	The short-term (1-month) outlook for MULTI is mildly bearish (-1.8% vs current price of 159.80). At 6 months the model targets 161.93 (+1.3%), a mildly bullish medium-term signal. The 1-year forecast stands at 155.70 (-2.6%). Over a 5-year horizon the model projects 140.34 (cumulative -12.2%).	159.3787	159.3787	158.1528	156.9268	156.9268	156.9268	159.3787	162.4437	161.9259	155.704	151.713	147.8243	144.0352	140.3433
NAPA	The short-term (1-month) outlook for NAPA is bearish (-5.3% vs current price of 32.70). At 6 months the model targets 31.28 (-4.4%), a bearish medium-term signal. The 1-year forecast stands at 34.53 (+5.6%). Over a 5-year horizon the model projects 42.91 (cumulative +31.2%).	32.4989	31.8896	32.1943	32.9052	32.4989	30.9756	31.6865	30.0615	31.2775	34.527	36.4561	38.4929	40.6436	42.9144
NAVA	The short-term (1-month) outlook for NAVA is bullish (+5.6% vs current price of 19.80). At 6 months the model targets 21.12 (+6.6%), a bullish medium-term signal. The 1-year forecast stands at 21.63 (+9.2%). Over a 5-year horizon the model projects 30.77 (cumulative +55.4%).	20.0759	19.9838	20.3522	21.4573	22.194	20.9047	21.3652	21.3652	21.1164	21.6252	23.6187	25.7959	28.1738	30.7709
NKR	The short-term (1-month) outlook for NKR is mildly bullish (+0.7% vs current price of 14.15). At 6 months the model targets 15.89 (+12.3%), a strongly bullish medium-term signal. The 1-year forecast stands at 17.84 (+26.0%). Over a 5-year horizon the model projects 45.02 (cumulative +218.2%).	14.1747	14.2144	14.2144	14.0158	14.1747	14.2541	14.9688	14.8496	15.8908	17.8358	22.4817	28.3377	35.7191	45.0233
NEL	The short-term (1-month) outlook for NEL is bearish (-4.3% vs current price of 2.35). At 6 months the model targets 2.28 (-2.8%), a mildly bearish medium-term signal. The 1-year forecast stands at 2.29 (-2.5%). Over a 5-year horizon the model projects 2.07 (cumulative -11.8%).	2.2985	2.2374	2.2741	2.2374	2.2374	2.2496	2.213	2.2374	2.2842	2.2915	2.2345	2.1788	2.1246	2.0717
NEXT	The short-term (1-month) outlook for NEXT is bearish (-6.8% vs current price of 5.00). At 6 months the model targets 5.12 (+2.5%), a mildly bullish medium-term signal. The 1-year forecast stands at 5.30 (+6.1%). Over a 5-year horizon the model projects 6.71 (cumulative +34.3%).	4.8452	4.8452	4.8452	4.8452	4.4725	4.6588	4.4725	4.4725	5.1229	5.3037	5.6258	5.9676	6.33	6.7145
NORBT	The short-term (1-month) outlook for NORBT is mildly bearish (-0.6% vs current price of 237.60). At 6 months the model targets 225.17 (-5.2%), a bearish medium-term signal. The 1-year forecast stands at 215.94 (-9.1%). Over a 5-year horizon the model projects 147.34 (cumulative -38.0%).	238.7788	238.7788	233.7092	231.1744	233.7092	236.244	228.6396	236.244	225.17	215.9435	196.2609	178.3723	162.1143	147.338
NORCO	The short-term (1-month) outlook for NORCO is mildly bullish (+1.6% vs current price of 39.15). At 6 months the model targets 36.65 (-6.4%), a bearish medium-term signal. The 1-year forecast stands at 36.99 (-5.5%). Over a 5-year horizon the model projects 29.46 (cumulative -24.7%).	39.1798	39.033	39.3265	39.033	39.3265	39.7667	39.4732	38.8863	36.6526	36.9865	34.9426	33.0116	31.1873	29.4638
NOM	The short-term (1-month) outlook for NOM is bullish (+3.4% vs current price of 11.92). At 6 months the model targets 11.90 (-0.1%), a sideways medium-term signal. The 1-year forecast stands at 11.85 (-0.6%). Over a 5-year horizon the model projects 11.58 (cumulative -2.8%).	12.1017	12.1017	12.3204	12.1017	12.1017	12.3204	12.1746	11.9559	11.9047	11.8519	11.7842	11.7169	11.6499	11.5834
NOD	The short-term (1-month) outlook for NOD is mildly bullish (+1.3% vs current price of 188.20). At 6 months the model targets 178.98 (-4.9%), a bearish medium-term signal. The 1-year forecast stands at 181.95 (-3.3%). Over a 5-year horizon the model projects 158.95 (cumulative -15.5%).	186.7266	185.2678	184.2953	182.3502	189.158	190.6168	186.2404	184.2953	178.9841	181.9493	175.9062	170.0638	164.4155	158.9547
NHY	The short-term (1-month) outlook for NHY is bullish (+4.8% vs current price of 107.30). At 6 months the model targets 118.98 (+10.9%), a strongly bullish medium-term signal. The 1-year forecast stands at 122.28 (+14.0%). Over a 5-year horizon the model projects 206.27 (cumulative +92.2%).	107.973	108.4683	108.9636	109.4588	107.973	112.4306	115.4023	112.9259	118.9846	122.2827	139.3575	158.8165	180.9926	206.2653
NSKOG	The short-term (1-month) outlook for NSKOG is mildly bearish (-2.2% vs current price of 42.75). At 6 months the model targets 40.25 (-5.8%), a bearish medium-term signal. The 1-year forecast stands at 37.33 (-12.7%). Over a 5-year horizon the model projects 21.69 (cumulative -49.3%).	43.2501	43.0557	42.5697	41.5006	41.8894	41.7922	41.7922	41.5978	40.2535	37.3266	32.5912	28.4566	24.8465	21.6944
NOL	The short-term (1-month) outlook for NOL is mildly bullish (+1.6% vs current price of 8.38). At 6 months the model targets 8.87 (+5.9%), a bullish medium-term signal. The 1-year forecast stands at 9.33 (+11.3%). Over a 5-year horizon the model projects 14.34 (cumulative +71.1%).	8.3275	8.2731	8.3819	8.3819	8.4091	8.518	8.4363	8.7629	8.8738	9.3301	10.3879	11.5657	12.877	14.3369
NAS	The short-term (1-month) outlook for NAS is mildly bearish (-1.4% vs current price of 13.48). At 6 months the model targets 14.07 (+4.4%), a bullish medium-term signal. The 1-year forecast stands at 14.59 (+8.3%). Over a 5-year horizon the model projects 20.06 (cumulative +48.9%).	13.5826	13.778	13.6803	13.3872	13.2895	13.2895	13.436	13.9735	14.0701	14.5918	15.8012	17.1107	18.5289	20.0645
NRC	The short-term (1-month) outlook for NRC is mildly bullish (+1.9% vs current price of 8.43). At 6 months the model targets 9.52 (+13.0%), a strongly bullish medium-term signal. The 1-year forecast stands at 10.67 (+26.6%). Over a 5-year horizon the model projects 27.43 (cumulative +225.4%).	8.4015	8.3745	8.3745	8.4015	8.5096	8.5906	8.8608	8.9688	9.5239	10.6737	13.5146	17.1116	21.6659	27.4325
NYKD	The short-term (1-month) outlook for NYKD is sideways (+0.0% vs current price of 3.18). At 6 months the model targets 3.21 (+0.9%), a mildly bullish medium-term signal. The 1-year forecast stands at 3.28 (+3.2%). Over a 5-year horizon the model projects 3.73 (cumulative +17.2%).	3.1941	3.1812	3.0782	3.0653	3.0911	3.1812	3.2328	3.31	3.2071	3.2826	3.3885	3.4978	3.6107	3.7272
ODL	The short-term (1-month) outlook for ODL is bullish (+4.0% vs current price of 97.90). At 6 months the model targets 115.51 (+18.0%), a strongly bullish medium-term signal. The 1-year forecast stands at 118.21 (+20.7%). Over a 5-year horizon the model projects 251.24 (cumulative +156.6%).	97.8797	98.5756	99.2714	100.1992	101.1269	101.8228	102.9825	108.7811	115.5076	118.2076	142.7276	172.3339	208.0815	251.2443
ODF	The short-term (1-month) outlook for ODF is sideways (+0.2% vs current price of 115.40). At 6 months the model targets 117.25 (+1.6%), a mildly bullish medium-term signal. The 1-year forecast stands at 122.79 (+6.4%). Over a 5-year horizon the model projects 157.39 (cumulative +36.4%).	115.9985	115.9985	115.9985	113.0672	115.5798	115.5798	113.4859	115.9985	117.2463	122.7885	130.65	139.0149	147.9154	157.3857
ODFB	The short-term (1-month) outlook for ODFB is mildly bullish (+1.0% vs current price of 115.00). At 6 months the model targets 130.63 (+13.6%), a strongly bullish medium-term signal. The 1-year forecast stands at 140.44 (+22.1%). Over a 5-year horizon the model projects 312.37 (cumulative +171.6%).	114.5265	113.3252	114.5265	114.1261	114.1261	116.1283	122.9358	123.7367	130.6329	140.4405	171.509	209.4505	255.7855	312.3708
OTL	The short-term (1-month) outlook for OTL is mildly bullish (+0.5% vs current price of 65.50). At 6 months the model targets 68.03 (+3.9%), a bullish medium-term signal. The 1-year forecast stands at 66.51 (+1.5%). Over a 5-year horizon the model projects 70.72 (cumulative +8.0%).	66.3993	66.2189	66.2189	65.4972	66.7602	65.858	68.745	67.4819	68.0285	66.5119	67.5394	68.5828	69.6424	70.7183
OKEA	The short-term (1-month) outlook for OKEA is bearish (-4.8% vs current price of 39.20). At 6 months the model targets 35.06 (-10.5%), a strongly bearish medium-term signal. The 1-year forecast stands at 34.33 (-12.4%). Over a 5-year horizon the model projects 20.19 (cumulative -48.5%).	39.0781	38.9166	38.19	37.7055	38.0285	37.3018	37.1404	35.7678	35.0646	34.3274	30.0605	26.3239	23.0518	20.1865
OET	The short-term (1-month) outlook for OET is mildly bullish (+2.3% vs current price of 486.00). At 6 months the model targets 538.48 (+10.8%), a strongly bullish medium-term signal. The 1-year forecast stands at 551.45 (+13.5%). Over a 5-year horizon the model projects 914.05 (cumulative +88.1%).	490.5039	495.0774	501.9376	509.9411	501.9376	497.3641	499.6508	512.2278	538.4781	551.4465	625.7063	709.9661	805.5727	914.054
ONCIN	The short-term (1-month) outlook for ONCIN is bullish (+8.7% vs current price of 47.30). At 6 months the model targets 49.48 (+4.6%), a bullish medium-term signal. The 1-year forecast stands at 50.12 (+6.0%). Over a 5-year horizon the model projects 63.16 (cumulative +33.5%).	47.6328	47.6328	50.1398	50.1398	48.8863	51.3933	50.1398	51.3933	49.4838	50.1155	53.0986	56.2592	59.608	63.1562
ORK	The short-term (1-month) outlook for ORK is mildly bullish (+0.5% vs current price of 114.00). At 6 months the model targets 119.21 (+4.6%), a bullish medium-term signal. The 1-year forecast stands at 117.79 (+3.3%). Over a 5-year horizon the model projects 134.27 (cumulative +17.8%).	114.2716	114.2716	114.2716	114.2716	114.62	114.62	116.3619	119.149	119.2113	117.7922	121.7105	125.7592	129.9426	134.2651
OTEC	The short-term (1-month) outlook for OTEC is mildly bullish (+1.2% vs current price of 19.02). At 6 months the model targets 18.88 (-0.7%), a mildly bearish medium-term signal. The 1-year forecast stands at 20.60 (+8.3%). Over a 5-year horizon the model projects 28.32 (cumulative +48.9%).	18.9201	18.8783	18.962	18.7109	19.0039	19.255	19.3387	19.4225	18.8813	20.5963	22.3032	24.1516	26.1532	28.3207
OTOVO	The short-term (1-month) outlook for OTOVO is strongly bullish (+13.7% vs current price of 11.20). At 6 months the model targets 15.39 (+37.4%), a strongly bullish medium-term signal. The 1-year forecast stands at 14.97 (+33.6%). Over a 5-year horizon the model projects 47.72 (cumulative +326.1%).	11.2599	11.2599	11.4984	11.7847	12.1187	12.7389	13.3115	14.9813	15.3898	14.9662	19.9989	26.7238	35.7102	47.7184
PEN	The short-term (1-month) outlook for PEN is bearish (-4.0% vs current price of 32.75). At 6 months the model targets 30.19 (-7.8%), a bearish medium-term signal. The 1-year forecast stands at 30.79 (-6.0%). Over a 5-year horizon the model projects 24.05 (cumulative -26.6%).	32.7423	32.3069	32.394	32.2198	31.2619	31.4361	31.349	31.8715	30.1864	30.7883	28.9441	27.2104	25.5805	24.0482
PLSV	The short-term (1-month) outlook for PLSV is mildly bullish (+1.8% vs current price of 49.50). At 6 months the model targets 49.36 (-0.3%), a sideways medium-term signal. The 1-year forecast stands at 45.73 (-7.6%). Over a 5-year horizon the model projects 33.32 (cumulative -32.7%).	49.427	49.748	50.0689	49.427	49.748	50.3899	50.2294	50.0689	49.3632	45.7313	42.2495	39.0328	36.0611	33.3155
PARB	The short-term (1-month) outlook for PARB is sideways (+0.4% vs current price of 76.50). At 6 months the model targets 78.53 (+2.7%), a mildly bullish medium-term signal. The 1-year forecast stands at 80.56 (+5.3%). Over a 5-year horizon the model projects 99.09 (cumulative +29.5%).	76.2755	75.7802	76.2755	75.7802	75.7802	76.7708	77.7614	75.2849	78.53	80.563	84.8418	89.3478	94.0932	99.0906
PCIB	The short-term (1-month) outlook for PCIB is strongly bullish (+21.8% vs current price of 0.12). At 6 months the model targets 0.18 (+57.5%), a strongly bullish medium-term signal. The 1-year forecast stands at 0.19 (+63.7%). Over a 5-year horizon the model projects 1.35 (cumulative +1077.0%).	0.1274	0.1274	0.1274	0.1274	0.1359	0.1401	0.1614	0.1699	0.1811	0.1883	0.3083	0.5048	0.8266	1.3535
PSE	The short-term (1-month) outlook for PSE is mildly bullish (+2.7% vs current price of 6.20). At 6 months the model targets 7.36 (+18.8%), a strongly bullish medium-term signal. The 1-year forecast stands at 8.26 (+33.2%). Over a 5-year horizon the model projects 26.02 (cumulative +319.7%).	6.1245	6.0545	6.0895	6.0895	6.1595	6.3694	6.6319	6.7369	7.3625	8.26	11.0045	14.6608	19.5319	26.0216
PNOR	The short-term (1-month) outlook for PNOR is bullish (+3.4% vs current price of 13.10). At 6 months the model targets 13.77 (+5.1%), a bullish medium-term signal. The 1-year forecast stands at 14.55 (+11.1%). Over a 5-year horizon the model projects 22.14 (cumulative +69.0%).	13.1165	13.1165	13.2829	13.2164	13.3495	13.5493	13.5493	13.3495	13.7708	14.5493	16.1589	17.9467	19.9322	22.1373
PEXIP	The short-term (1-month) outlook for PEXIP is mildly bullish (+1.1% vs current price of 66.20). At 6 months the model targets 72.76 (+9.9%), a bullish medium-term signal. The 1-year forecast stands at 76.18 (+15.1%). Over a 5-year horizon the model projects 133.56 (cumulative +101.8%).	66.7703	66.7703	65.2567	66.0976	65.2567	66.9385	65.2567	67.6113	72.7623	76.1768	87.6572	100.8677	116.0692	133.5616
PHO	The short-term (1-month) outlook for PHO is mildly bullish (+2.3% vs current price of 68.00). At 6 months the model targets 72.41 (+6.5%), a bullish medium-term signal. The 1-year forecast stands at 77.81 (+14.4%). Over a 5-year horizon the model projects 133.41 (cumulative +96.2%).	68.7146	68.9266	69.3508	69.775	69.987	69.5629	65.5333	66.8058	72.4138	77.8114	89.0384	101.8854	116.5859	133.4076
POL	The short-term (1-month) outlook for POL is mildly bullish (+2.4% vs current price of 61.00). At 6 months the model targets 62.48 (+2.4%), a mildly bullish medium-term signal. The 1-year forecast stands at 63.22 (+3.6%). Over a 5-year horizon the model projects 72.92 (cumulative +19.5%).	61.115	61.115	61.3348	61.115	61.9943	62.434	62.434	61.7745	62.4819	63.2162	65.5129	67.8931	70.3597	72.916
PLT	The short-term (1-month) outlook for PLT is mildly bearish (-2.4% vs current price of 5.99). At 6 months the model targets 5.88 (-1.9%), a mildly bearish medium-term signal. The 1-year forecast stands at 6.33 (+5.7%). Over a 5-year horizon the model projects 7.91 (cumulative +32.0%).	5.9134	5.9472	6.0655	6.0993	5.8627	5.8458	5.7614	6.1838	5.8785	6.3322	6.6939	7.0764	7.4806	7.908
PRS	The short-term (1-month) outlook for PRS is bullish (+3.8% vs current price of 3.24). At 6 months the model targets 3.33 (+2.7%), a mildly bullish medium-term signal. The 1-year forecast stands at 3.43 (+5.7%). Over a 5-year horizon the model projects 4.28 (cumulative +31.9%).	3.2668	3.2668	3.2668	3.3178	3.3689	3.3689	3.4199	3.1647	3.333	3.43	3.6255	3.8322	4.0507	4.2817
PROT	The short-term (1-month) outlook for PROT is mildly bullish (+1.9% vs current price of 479.20). At 6 months the model targets 479.14 (-0.0%), a sideways medium-term signal. The 1-year forecast stands at 466.35 (-2.7%). Over a 5-year horizon the model projects 418.30 (cumulative -12.7%).	477.5708	480.224	485.5303	486.8569	485.5303	488.1835	498.7961	478.8973	479.1386	466.3487	453.842	441.6708	429.8259	418.2988
PUBLI	The short-term (1-month) outlook for PUBLI is bullish (+3.9% vs current price of 20.00). At 6 months the model targets 20.71 (+3.6%), a bullish medium-term signal. The 1-year forecast stands at 21.04 (+5.2%). Over a 5-year horizon the model projects 25.79 (cumulative +28.9%).	20.2094	20.1372	20.2816	20.6425	20.9312	20.7868	21.4364	21.2199	20.7102	21.0426	22.1396	23.2937	24.508	25.7856
QEC	The short-term (1-month) outlook for QEC is bearish (-3.2% vs current price of 2.02). At 6 months the model targets 1.88 (-6.8%), a bearish medium-term signal. The 1-year forecast stands at 1.76 (-13.0%). Over a 5-year horizon the model projects 1.00 (cumulative -50.3%).	1.9866	1.9942	1.9713	1.9637	1.9485	1.9561	1.7887	1.7811	1.8833	1.7565	1.5274	1.3281	1.1549	1.0042
RANA	The short-term (1-month) outlook for RANA is mildly bearish (-2.3% vs current price of 78.40). At 6 months the model targets 73.51 (-6.2%), a bearish medium-term signal. The 1-year forecast stands at 67.71 (-13.6%). Over a 5-year horizon the model projects 37.68 (cumulative -51.9%).	78.6289	78.6289	78.6289	78.6289	77.8777	76.6256	76.1248	74.6224	73.5084	67.7136	58.4838	50.5121	43.627	37.6804
REACH	The short-term (1-month) outlook for REACH is mildly bearish (-1.7% vs current price of 6.70). At 6 months the model targets 6.80 (+1.5%), a mildly bullish medium-term signal. The 1-year forecast stands at 6.82 (+1.8%). Over a 5-year horizon the model projects 7.33 (cumulative +9.4%).	6.6918	6.6918	6.6128	6.5337	6.5337	6.5864	6.6128	6.2966	6.802	6.8214	6.945	7.0708	7.199	7.3294
RECSI	The short-term (1-month) outlook for RECSI is strongly bullish (+11.7% vs current price of 0.24). At 6 months the model targets 0.34 (+39.3%), a strongly bullish medium-term signal. The 1-year forecast stands at 0.32 (+33.7%). Over a 5-year horizon the model projects 1.03 (cumulative +328.0%).	0.2427	0.2427	0.2427	0.2562	0.2427	0.2697	0.2697	0.3102	0.3365	0.323	0.432	0.5778	0.7728	1.0336
ROGS	The short-term (1-month) outlook for ROGS is mildly bullish (+2.7% vs current price of 150.78). At 6 months the model targets 157.70 (+4.6%), a bullish medium-term signal. The 1-year forecast stands at 152.08 (+0.9%). Over a 5-year horizon the model projects 157.40 (cumulative +4.4%).	150.9268	151.8094	152.692	153.5746	154.4573	154.8986	159.3116	161.0769	157.7011	152.0817	153.3946	154.7189	156.0546	157.4019
SDSD	The short-term (1-month) outlook for SDSD is mildly bullish (+0.8% vs current price of 1.87). At 6 months the model targets 1.98 (+5.8%), a bullish medium-term signal. The 1-year forecast stands at 2.10 (+12.3%). Over a 5-year horizon the model projects 3.34 (cumulative +78.7%).	1.8651	1.8651	1.8778	1.8778	1.8906	1.8842	1.8906	1.9034	1.9786	2.1003	2.359	2.6495	2.9758	3.3423
SAGA	The short-term (1-month) outlook for SAGA is sideways (-0.2% vs current price of 1.48). At 6 months the model targets 1.52 (+2.4%), a mildly bullish medium-term signal. The 1-year forecast stands at 1.69 (+14.0%). Over a 5-year horizon the model projects 2.85 (cumulative +92.5%).	1.4775	1.4775	1.4726	1.4775	1.4775	1.4775	1.4775	1.4872	1.5156	1.6871	1.9232	2.1923	2.4991	2.8488
SALM	The short-term (1-month) outlook for SALM is mildly bullish (+2.9% vs current price of 537.00). At 6 months the model targets 531.62 (-1.0%), a mildly bearish medium-term signal. The 1-year forecast stands at 537.44 (+0.1%). Over a 5-year horizon the model projects 539.18 (cumulative +0.4%).	536.667	542.5645	540.5986	550.4277	558.291	552.3936	570.0859	556.3252	531.6208	537.4355	537.8714	538.3076	538.7441	539.181
SALME	The short-term (1-month) outlook for SALME is mildly bullish (+1.3% vs current price of 4.88). At 6 months the model targets 5.18 (+6.3%), a bullish medium-term signal. The 1-year forecast stands at 5.16 (+5.9%). Over a 5-year horizon the model projects 6.49 (cumulative +33.1%).	4.8735	4.8511	4.8511	4.8511	4.8064	4.9405	5.0299	4.9629	5.1839	5.1619	5.4657	5.7873	6.1279	6.4886
SATS	The short-term (1-month) outlook for SATS is bullish (+4.6% vs current price of 43.10). At 6 months the model targets 51.47 (+19.4%), a strongly bullish medium-term signal. The 1-year forecast stands at 56.02 (+30.0%). Over a 5-year horizon the model projects 159.86 (cumulative +270.9%).	43.3152	43.4252	43.8649	44.6345	44.6345	45.0742	46.1736	47.3829	51.47	56.0184	72.8088	94.6319	122.996	159.8617
SCANA	The short-term (1-month) outlook for SCANA is mildly bullish (+1.5% vs current price of 1.49). At 6 months the model targets 1.57 (+5.7%), a bullish medium-term signal. The 1-year forecast stands at 1.58 (+6.0%). Over a 5-year horizon the model projects 1.99 (cumulative +33.7%).	1.4822	1.4822	1.4822	1.4897	1.4747	1.5121	1.4747	1.6319	1.5744	1.5791	1.6735	1.7736	1.8797	1.9921
SCATC	The short-term (1-month) outlook for SCATC is mildly bullish (+1.2% vs current price of 120.80). At 6 months the model targets 125.12 (+3.6%), a bullish medium-term signal. The 1-year forecast stands at 136.34 (+12.9%). Over a 5-year horizon the model projects 221.21 (cumulative +83.1%).	120.9031	120.5654	120.9031	122.2539	123.6048	122.2539	126.982	123.2671	125.1208	136.3371	153.8726	173.6634	195.9997	221.2088
ENH	The short-term (1-month) outlook for ENH is sideways (+0.4% vs current price of 8.78). At 6 months the model targets 8.67 (-1.2%), a mildly bearish medium-term signal. The 1-year forecast stands at 9.03 (+2.8%). Over a 5-year horizon the model projects 10.08 (cumulative +14.8%).	8.7873	8.8462	8.8757	8.8462	8.6988	8.8167	8.4334	8.2565	8.672	9.0257	9.2783	9.5379	9.8048	10.0792
SBO	The short-term (1-month) outlook for SBO is mildly bearish (-1.3% vs current price of 34.80). At 6 months the model targets 34.21 (-1.7%), a mildly bearish medium-term signal. The 1-year forecast stands at 34.41 (-1.1%). Over a 5-year horizon the model projects 32.91 (cumulative -5.4%).	34.6108	34.6108	34.4835	34.4835	34.8653	34.3563	34.4835	33.9745	34.2079	34.4126	34.0295	33.6507	33.2761	32.9057
SNTIA	The short-term (1-month) outlook for SNTIA is sideways (+0.3% vs current price of 78.40). At 6 months the model targets 88.62 (+13.0%), a strongly bullish medium-term signal. The 1-year forecast stands at 90.80 (+15.8%). Over a 5-year horizon the model projects 163.35 (cumulative +108.4%).	79.0871	79.5664	80.0457	79.8061	79.8061	78.6078	81.4837	84.8389	88.6193	90.7981	105.1568	121.7862	141.0454	163.3501
SKUE	The short-term (1-month) outlook for SKUE is mildly bullish (+0.9% vs current price of 334.00). At 6 months the model targets 393.63 (+17.9%), a strongly bullish medium-term signal. The 1-year forecast stands at 423.50 (+26.8%). Over a 5-year horizon the model projects 1094.64 (cumulative +227.7%).	334.0509	336.0334	338.0159	336.0334	337.0247	337.0247	358.8322	366.7621	393.6272	423.498	536.9777	680.8652	863.3086	1094.6391
SMOP	The short-term (1-month) outlook for SMOP is mildly bearish (-2.4% vs current price of 49.10). At 6 months the model targets 48.04 (-2.2%), a mildly bearish medium-term signal. The 1-year forecast stands at 48.16 (-1.9%). Over a 5-year horizon the model projects 44.56 (cumulative -9.3%).	48.8769	48.6346	47.9883	47.5843	48.1498	47.9075	48.8769	47.9883	48.0387	48.1555	47.2292	46.3207	45.4296	44.5557
SWON	The short-term (1-month) outlook for SWON is bullish (+3.1% vs current price of 82.10). At 6 months the model targets 78.51 (-4.4%), a bearish medium-term signal. The 1-year forecast stands at 78.17 (-4.8%). Over a 5-year horizon the model projects 64.25 (cumulative -21.7%).	81.4988	81.1505	80.8022	82.8919	82.8919	84.6333	81.8471	83.2402	78.5141	78.1723	74.4325	70.8716	67.4811	64.2528
SOGN	The short-term (1-month) outlook for SOGN is bullish (+4.5% vs current price of 350.00). At 6 months the model targets 346.12 (-1.1%), a mildly bearish medium-term signal. The 1-year forecast stands at 354.28 (+1.2%). Over a 5-year horizon the model projects 371.95 (cumulative +6.3%).	350.572	351.4167	355.6405	364.9328	359.0195	365.7775	370.846	368.3118	346.1242	354.2834	358.6192	363.0081	367.4507	371.9477
SOMA	The short-term (1-month) outlook for SOMA is bullish (+3.1% vs current price of 29.95). At 6 months the model targets 31.85 (+6.4%), a bullish medium-term signal. The 1-year forecast stands at 33.60 (+12.2%). Over a 5-year horizon the model projects 53.21 (cumulative +77.7%).	29.8952	29.7327	30.2201	30.1389	30.6263	30.87	30.3826	30.2201	31.8523	33.5986	37.6917	42.2834	47.4345	53.2131
SOFF	The short-term (1-month) outlook for SOFF is bullish (+3.2% vs current price of 66.80). At 6 months the model targets 75.01 (+12.3%), a strongly bullish medium-term signal. The 1-year forecast stands at 84.08 (+25.9%). Over a 5-year horizon the model projects 210.98 (cumulative +215.8%).	66.8901	66.8901	67.6827	68.4752	67.9997	68.9507	72.2794	72.5964	75.0133	84.0758	105.8195	133.1865	167.6311	210.9838
MING	The short-term (1-month) outlook for MING is mildly bullish (+0.9% vs current price of 206.80). At 6 months the model targets 217.77 (+5.3%), a bullish medium-term signal. The 1-year forecast stands at 228.35 (+10.4%). Over a 5-year horizon the model projects 339.45 (cumulative +64.1%).	206.7786	205.5833	206.1809	206.7786	208.5714	208.5714	214.5477	214.5477	217.768	228.3471	252.1393	278.4104	307.4188	339.4496
SB1NO	The short-term (1-month) outlook for SB1NO is bullish (+4.1% vs current price of 198.60). At 6 months the model targets 224.59 (+13.1%), a strongly bullish medium-term signal. The 1-year forecast stands at 243.46 (+22.6%). Over a 5-year horizon the model projects 549.78 (cumulative +176.8%).	200.0208	200.0208	200.5764	200.5764	204.4657	206.6881	207.7993	212.7999	224.5867	243.4561	298.4435	365.8503	448.4818	549.7766
MORG	The short-term (1-month) outlook for MORG is bullish (+3.6% vs current price of 115.00). At 6 months the model targets 127.12 (+10.5%), a strongly bullish medium-term signal. The 1-year forecast stands at 130.39 (+13.4%). Over a 5-year horizon the model projects 215.49 (cumulative +87.4%).	115.8113	115.8113	116.1421	116.1421	118.1275	119.1201	122.7599	123.7526	127.1154	130.3901	147.8398	167.6248	190.0575	215.4923
SBNOR	The short-term (1-month) outlook for SBNOR is sideways (-0.0% vs current price of 204.65). At 6 months the model targets 208.03 (+1.7%), a mildly bullish medium-term signal. The 1-year forecast stands at 214.98 (+5.0%). Over a 5-year horizon the model projects 261.81 (cumulative +27.9%).	205.24	205.24	205.24	208.905	207.6833	204.6292	210.1266	207.0725	208.0336	214.9841	225.84	237.2442	249.2242	261.8091
SPOG	The short-term (1-month) outlook for SPOG is mildly bullish (+2.4% vs current price of 79.89). At 6 months the model targets 85.96 (+7.6%), a bullish medium-term signal. The 1-year forecast stands at 89.96 (+12.6%). Over a 5-year horizon the model projects 144.65 (cumulative +81.1%).	79.9652	79.9652	80.6506	80.6506	80.6506	81.793	84.7631	84.7631	85.9631	89.9622	101.3043	114.0763	128.4586	144.6541
SNOR	The short-term (1-month) outlook for SNOR is bullish (+4.8% vs current price of 199.40). At 6 months the model targets 238.49 (+19.6%), a strongly bullish medium-term signal. The 1-year forecast stands at 260.76 (+30.8%). Over a 5-year horizon the model projects 762.63 (cumulative +282.5%).	200.5617	200.5617	202.6618	204.762	207.3871	208.9622	216.8376	222.088	238.4859	260.761	341.0045	445.9412	583.1699	762.6278
SPOL	The short-term (1-month) outlook for SPOL is mildly bullish (+2.1% vs current price of 203.50). At 6 months the model targets 223.31 (+9.7%), a bullish medium-term signal. The 1-year forecast stands at 247.97 (+21.9%). Over a 5-year horizon the model projects 546.70 (cumulative +168.6%).	203.1393	203.7099	204.2805	203.7099	204.2805	207.7042	212.2691	215.1222	223.3079	247.9715	302.1615	368.1938	448.6564	546.7027
HELG	The short-term (1-month) outlook for HELG is mildly bullish (+1.2% vs current price of 170.00). At 6 months the model targets 174.25 (+2.5%), a mildly bullish medium-term signal. The 1-year forecast stands at 169.92 (-0.0%). Over a 5-year horizon the model projects 169.62 (cumulative -0.2%).	170.3844	170.3844	170.9202	169.3127	171.4559	171.9918	171.9918	173.0634	174.252	169.9236	169.8472	169.7709	169.6946	169.6183
NONG	The short-term (1-month) outlook for NONG is bullish (+3.4% vs current price of 156.72). At 6 months the model targets 175.06 (+11.7%), a strongly bullish medium-term signal. The 1-year forecast stands at 190.90 (+21.8%). Over a 5-year horizon the model projects 420.25 (cumulative +168.2%).	157.6965	157.6965	157.6965	159.4585	160.3395	162.1015	164.7444	166.5064	175.0597	190.8983	232.5304	283.2418	345.0126	420.2547
RING	The short-term (1-month) outlook for RING is bullish (+3.9% vs current price of 446.00). At 6 months the model targets 557.45 (+25.0%), a strongly bullish medium-term signal. The 1-year forecast stands at 613.90 (+37.6%). Over a 5-year horizon the model projects 2203.60 (cumulative +394.1%).	446.9217	446.9217	446.9217	451.6261	456.3305	463.3872	476.3244	488.0855	557.4474	613.8955	844.9948	1163.0908	1600.9332	2203.6003
SOAG	The short-term (1-month) outlook for SOAG is mildly bullish (+1.4% vs current price of 474.30). At 6 months the model targets 559.23 (+17.9%), a strongly bullish medium-term signal. The 1-year forecast stands at 651.97 (+37.5%). Over a 5-year horizon the model projects 2327.68 (cumulative +390.8%).	473.0219	473.0219	475.7249	475.7249	481.1309	481.1308	486.5368	504.1062	559.2305	651.9692	896.192	1231.8987	1693.3588	2327.6782
SNI	The short-term (1-month) outlook for SNI is mildly bearish (-1.0% vs current price of 293.00). At 6 months the model targets 291.09 (-0.7%), a mildly bearish medium-term signal. The 1-year forecast stands at 299.34 (+2.2%). Over a 5-year horizon the model projects 326.09 (cumulative +11.3%).	291.2443	294.9001	296.1187	291.2443	294.9001	290.0257	282.7141	285.1513	291.0945	299.3384	305.8139	312.4295	319.1882	326.0932
STB	The short-term (1-month) outlook for STB is bullish (+3.8% vs current price of 168.80). At 6 months the model targets 188.07 (+11.4%), a strongly bullish medium-term signal. The 1-year forecast stands at 201.33 (+19.3%). Over a 5-year horizon the model projects 407.42 (cumulative +141.4%).	168.9813	169.4586	171.8454	171.368	174.2321	175.1868	178.0509	178.5283	188.0652	201.3291	240.1268	286.4011	341.5929	407.4206
STRO	The short-term (1-month) outlook for STRO is mildly bearish (-1.8% vs current price of 10.50). At 6 months the model targets 11.24 (+7.1%), a bullish medium-term signal. The 1-year forecast stands at 10.86 (+3.5%). Over a 5-year horizon the model projects 12.45 (cumulative +18.6%).	10.498	10.498	10.4214	10.3064	10.3064	10.3064	10.3448	11.1493	11.245	10.8636	11.2398	11.629	12.0317	12.4483
SUBC	The short-term (1-month) outlook for SUBC is mildly bearish (-2.2% vs current price of 316.00). At 6 months the model targets 340.44 (+7.7%), a bullish medium-term signal. The 1-year forecast stands at 368.07 (+16.5%). Over a 5-year horizon the model projects 677.48 (cumulative +114.4%).	317.9481	316.5717	318.6363	318.6363	311.7543	309.0015	317.9481	325.5183	340.4432	368.0688	428.7172	499.359	581.6407	677.4803
TECH	The short-term (1-month) outlook for TECH is sideways (+0.2% vs current price of 10.85). At 6 months the model targets 10.80 (-0.4%), a sideways medium-term signal. The 1-year forecast stands at 10.85 (-0.0%). Over a 5-year horizon the model projects 10.85 (cumulative -0.0%).	10.7838	10.6962	10.6085	10.9153	10.8277	10.8715	10.7838	10.9153	10.8022	10.8491	10.8482	10.8473	10.8464	10.8455
TEKNA	The short-term (1-month) outlook for TEKNA is strongly bullish (+11.9% vs current price of 3.40). At 6 months the model targets 4.35 (+28.0%), a strongly bullish medium-term signal. The 1-year forecast stands at 4.81 (+41.4%). Over a 5-year horizon the model projects 19.24 (cumulative +466.0%).	3.4097	3.4097	3.4442	3.582	3.7714	3.8058	4.133	3.9953	4.3537	4.8088	6.8013	9.6195	13.6054	19.2428
TEL	The short-term (1-month) outlook for TEL is sideways (+0.5% vs current price of 164.30). At 6 months the model targets 161.15 (-1.9%), a mildly bearish medium-term signal. The 1-year forecast stands at 163.66 (-0.4%). Over a 5-year horizon the model projects 161.11 (cumulative -1.9%).	164.6074	164.0978	165.117	165.117	167.1555	165.117	165.6266	164.0978	161.1517	163.6562	163.0149	162.3762	161.7399	161.1061
TGS	The short-term (1-month) outlook for TGS is bullish (+3.2% vs current price of 147.60). At 6 months the model targets 189.08 (+28.1%), a strongly bullish medium-term signal. The 1-year forecast stands at 229.68 (+55.6%). Over a 5-year horizon the model projects 1346.77 (cumulative +812.4%).	147.0172	147.3698	148.78	149.4852	148.78	152.3056	156.5363	164.2926	189.0811	229.6826	357.4126	556.1751	865.4725	1346.7748
TRMED	The short-term (1-month) outlook for TRMED is bearish (-3.2% vs current price of 4.82). At 6 months the model targets 4.58 (-4.9%), a bearish medium-term signal. The 1-year forecast stands at 4.95 (+2.8%). Over a 5-year horizon the model projects 5.52 (cumulative +14.6%).	4.7717	4.811	4.5655	4.5754	4.6048	4.6637	4.7128	4.5361	4.5845	4.9533	5.0903	5.2311	5.3757	5.5244
TIETO	The short-term (1-month) outlook for TIETO is mildly bullish (+2.8% vs current price of 202.20). At 6 months the model targets 209.54 (+3.6%), a bullish medium-term signal. The 1-year forecast stands at 207.04 (+2.4%). Over a 5-year horizon the model projects 227.61 (cumulative +12.6%).	202.5842	204.0738	205.5634	205.5634	205.5634	207.7978	205.5634	213.7561	209.5401	207.0438	212.0036	217.0823	222.2826	227.6075
TOM	The short-term (1-month) outlook for TOM is mildly bullish (+1.0% vs current price of 90.00). At 6 months the model targets 84.70 (-5.9%), a bearish medium-term signal. The 1-year forecast stands at 81.52 (-9.4%). Over a 5-year horizon the model projects 54.87 (cumulative -39.0%).	89.3275	88.2888	88.2888	89.3275	90.3662	90.8856	91.9243	84.6534	84.696	81.5194	73.8379	66.8803	60.5782	54.87
TRSB	The short-term (1-month) outlook for TRSB is mildly bearish (-2.3% vs current price of 117.98). At 6 months the model targets 110.04 (-6.7%), a bearish medium-term signal. The 1-year forecast stands at 111.39 (-5.6%). Over a 5-year horizon the model projects 88.51 (cumulative -25.0%).	118.0092	118.0092	116.4145	114.0224	114.4211	115.2184	116.0158	114.4211	110.0379	111.3905	105.169	99.2951	93.7492	88.513
VEI	The short-term (1-month) outlook for VEI is mildly bullish (+1.4% vs current price of 185.20). At 6 months the model targets 189.25 (+2.2%), a mildly bullish medium-term signal. The 1-year forecast stands at 193.32 (+4.4%). Over a 5-year horizon the model projects 229.49 (cumulative +23.9%).	185.7365	185.7365	187.8531	186.7948	186.7948	187.8531	188.9115	186.7948	189.2548	193.3153	201.7862	210.6283	219.8579	229.4918
VEND	The short-term (1-month) outlook for VEND is bullish (+8.0% vs current price of 234.00). At 6 months the model targets 239.69 (+2.4%), a mildly bullish medium-term signal. The 1-year forecast stands at 241.53 (+3.2%). Over a 5-year horizon the model projects 274.14 (cumulative +17.2%).	230.8463	238.5412	239.6405	247.3354	248.4346	252.8317	239.6405	239.6405	239.694	241.5284	249.299	257.3196	265.5983	274.1433
VISTN	The short-term (1-month) outlook for VISTN is mildly bullish (+2.8% vs current price of 22.20). At 6 months the model targets 23.89 (+7.6%), a bullish medium-term signal. The 1-year forecast stands at 24.23 (+9.2%). Over a 5-year horizon the model projects 34.40 (cumulative +55.0%).	22.3343	22.4165	22.7449	22.7449	22.827	22.827	23.1555	22.827	23.8862	24.2323	26.4506	28.8721	31.5152	34.4002
VVL	The short-term (1-month) outlook for VVL is bullish (+4.4% vs current price of 488.00). At 6 months the model targets 591.67 (+21.2%), a strongly bullish medium-term signal. The 1-year forecast stands at 658.68 (+35.0%). Over a 5-year horizon the model projects 2186.20 (cumulative +348.0%).	487.3954	487.3954	493.5494	489.857	502.165	509.5497	525.5501	550.166	591.6697	658.679	889.0533	1200.0016	1619.7046	2186.1995
VOW	The short-term (1-month) outlook for VOW is bullish (+6.9% vs current price of 2.44). At 6 months the model targets 2.72 (+11.6%), a strongly bullish medium-term signal. The 1-year forecast stands at 3.07 (+25.8%). Over a 5-year horizon the model projects 7.70 (cumulative +215.5%).	2.4425	2.4535	2.4535	2.5419	2.6082	2.6082	2.6414	2.6524	2.7219	3.0703	3.8634	4.8614	6.1172	7.6974
VAR	The short-term (1-month) outlook for VAR is mildly bullish (+2.7% vs current price of 45.00). At 6 months the model targets 45.79 (+1.7%), a mildly bullish medium-term signal. The 1-year forecast stands at 46.62 (+3.6%). Over a 5-year horizon the model projects 53.70 (cumulative +19.3%).	45.0885	44.8653	45.3117	46.0929	45.7581	46.2045	47.9902	46.8742	45.7859	46.6199	48.2981	50.0367	51.8379	53.704
WAWI	The short-term (1-month) outlook for WAWI is mildly bearish (-1.9% vs current price of 115.90). At 6 months the model targets 115.10 (-0.7%), a mildly bearish medium-term signal. The 1-year forecast stands at 121.49 (+4.8%). Over a 5-year horizon the model projects 146.65 (cumulative +26.5%).	115.5962	116.2144	116.2144	115.9053	115.5962	113.7417	113.7417	112.1963	115.1037	121.4856	127.3404	133.4773	139.91	146.6528
WSTEP	The short-term (1-month) outlook for WSTEP is mildly bearish (-1.2% vs current price of 18.10). At 6 months the model targets 18.31 (+1.1%), a mildly bullish medium-term signal. The 1-year forecast stands at 18.10 (-0.0%). Over a 5-year horizon the model projects 18.08 (cumulative -0.1%).	18.0409	17.9642	17.9642	17.9642	17.7339	17.8874	17.5803	17.8106	18.3054	18.0955	18.091	18.0865	18.082	18.0775
WWI	The short-term (1-month) outlook for WWI is bullish (+3.2% vs current price of 696.00). At 6 months the model targets 784.51 (+12.7%), a strongly bullish medium-term signal. The 1-year forecast stands at 843.88 (+21.2%). Over a 5-year horizon the model projects 1823.76 (cumulative +162.0%).	696.1564	692.7271	701.3004	703.0151	716.7324	718.4471	704.7297	757.8846	784.5107	843.8809	1023.1824	1240.5806	1504.17	1823.7648
WWIB	The short-term (1-month) outlook for WWIB is mildly bullish (+0.5% vs current price of 628.00). At 6 months the model targets 658.27 (+4.8%), a bullish medium-term signal. The 1-year forecast stands at 697.28 (+11.0%). Over a 5-year horizon the model projects 1059.72 (cumulative +68.7%).	627.9935	626.3956	626.3956	637.5812	635.9833	631.1895	640.7771	639.1792	658.2686	697.2778	774.198	859.6036	954.4307	1059.7187
YAR	The short-term (1-month) outlook for YAR is mildly bullish (+1.9% vs current price of 537.00). At 6 months the model targets 594.17 (+10.6%), a strongly bullish medium-term signal. The 1-year forecast stands at 660.52 (+23.0%). Over a 5-year horizon the model projects 1511.91 (cumulative +181.5%).	535.5023	538.1402	538.1402	539.4592	542.0971	547.373	535.5023	567.1576	594.1726	660.5176	812.446	999.3201	1229.1778	1511.9061
ZAL	The short-term (1-month) outlook for ZAL is mildly bearish (-0.7% vs current price of 98.40). At 6 months the model targets 97.29 (-1.1%), a mildly bearish medium-term signal. The 1-year forecast stands at 97.48 (-0.9%). Over a 5-year horizon the model projects 93.88 (cumulative -4.6%).	98.5941	98.3067	98.3067	97.7318	97.7318	97.7318	97.4443	97.7318	97.2886	97.4792	96.567	95.6634	94.7682	93.8814
ZAP	The short-term (1-month) outlook for ZAP is bullish (+3.5% vs current price of 37.00). At 6 months the model targets 39.44 (+6.6%), a bullish medium-term signal. The 1-year forecast stands at 37.58 (+1.6%). Over a 5-year horizon the model projects 39.97 (cumulative +8.0%).	37.2382	36.9593	36.6803	38.075	37.9356	38.2842	36.8895	37.8658	39.4387	37.5753	38.1595	38.7529	39.3554	39.9674
ZLNA	The short-term (1-month) outlook for ZLNA is mildly bearish (-1.2% vs current price of 22.40). At 6 months the model targets 22.06 (-1.5%), a mildly bearish medium-term signal. The 1-year forecast stands at 21.78 (-2.8%). Over a 5-year horizon the model projects 19.45 (cumulative -13.2%).	22.4317	22.9302	22.5314	21.9332	21.8335	22.1326	21.3351	22.2323	22.0612	21.7771	21.1715	20.5828	20.0104	19.454
